api,file,source_type,related_symbol,url,notes,text_length
torch.adjoint,torch.adjoint.txt,direct_docstring,,https://docs.pytorch.org/docs/stable/generated/torch.adjoint.html,,686
torch.amax,torch.amax.txt,direct_docstring,,https://docs.pytorch.org/docs/stable/generated/torch.amax.html,,1832
torch.amin,torch.amin.txt,direct_docstring,,https://docs.pytorch.org/docs/stable/generated/torch.amin.html,,1836
torch.aminmax,torch.aminmax.txt,direct_docstring,,https://docs.pytorch.org/docs/stable/generated/torch.aminmax.html,,1897
torch.atleast_1d,torch.atleast_1d.txt,direct_docstring,,https://docs.pytorch.org/docs/stable/generated/torch.atleast_1d.html,,776
torch.atleast_2d,torch.atleast_2d.txt,direct_docstring,,https://docs.pytorch.org/docs/stable/generated/torch.atleast_2d.html,,837
torch.atleast_3d,torch.atleast_3d.txt,direct_docstring,,https://docs.pytorch.org/docs/stable/generated/torch.atleast_3d.html,,1032
torch.block_diag,torch.block_diag.txt,direct_docstring,,https://docs.pytorch.org/docs/stable/generated/torch.block_diag.html,,1109
torch.broadcast_shapes,torch.broadcast_shapes.txt,direct_docstring,,https://docs.pytorch.org/docs/stable/generated/torch.broadcast_shapes.html,,778
torch.broadcast_to,torch.broadcast_to.txt,direct_docstring,,https://docs.pytorch.org/docs/stable/generated/torch.broadcast_to.html,,559
torch.clone,torch.clone.txt,direct_docstring,,https://docs.pytorch.org/docs/stable/generated/torch.clone.html,,944
torch.column_stack,torch.column_stack.txt,direct_docstring,,https://docs.pytorch.org/docs/stable/generated/torch.column_stack.html,,1001
torch.concat,torch.concat.txt,direct_docstring,,https://docs.pytorch.org/docs/stable/generated/torch.concat.html,,178
torch.concatenate,torch.concatenate.txt,direct_docstring,,https://docs.pytorch.org/docs/stable/generated/torch.concatenate.html,,191
torch.diagonal_scatter,torch.diagonal_scatter.txt,direct_docstring,,https://docs.pytorch.org/docs/stable/generated/torch.diagonal_scatter.html,,1681
torch.diff,torch.diff.txt,direct_docstring,,https://docs.pytorch.org/docs/stable/generated/torch.diff.html,,1343
torch.dsplit,torch.dsplit.txt,direct_docstring,,https://docs.pytorch.org/docs/stable/generated/torch.dsplit.html,,1513
torch.dstack,torch.dstack.txt,direct_docstring,,https://docs.pytorch.org/docs/stable/generated/torch.dstack.html,,822
torch.flatten,torch.flatten.txt,direct_docstring,,https://docs.pytorch.org/docs/stable/generated/torch.flatten.html,,1414
torch.flip,torch.flip.txt,direct_docstring,,https://docs.pytorch.org/docs/stable/generated/torch.flip.html,,840
torch.functional.atleast_1d,torch.functional.atleast_1d.txt,direct_docstring,,https://docs.pytorch.org/docs/stable/generated/torch.functional.atleast_1d.html,,798
torch.functional.atleast_2d,torch.functional.atleast_2d.txt,direct_docstring,,https://docs.pytorch.org/docs/stable/generated/torch.functional.atleast_2d.html,,859
torch.functional.atleast_3d,torch.functional.atleast_3d.txt,direct_docstring,,https://docs.pytorch.org/docs/stable/generated/torch.functional.atleast_3d.html,,1054
torch.functional.meshgrid,torch.functional.meshgrid.txt,direct_docstring,,https://docs.pytorch.org/docs/stable/generated/torch.functional.meshgrid.html,,3268
torch.hsplit,torch.hsplit.txt,direct_docstring,,https://docs.pytorch.org/docs/stable/generated/torch.hsplit.html,,1678
torch.hstack,torch.hstack.txt,direct_docstring,,https://docs.pytorch.org/docs/stable/generated/torch.hstack.html,,772
torch.index_add,torch.index_add.txt,direct_docstring,,https://docs.pytorch.org/docs/stable/generated/torch.index_add.html,,318
torch.index_copy,torch.index_copy.txt,direct_docstring,,https://docs.pytorch.org/docs/stable/generated/torch.index_copy.html,,272
torch.index_fill,torch.index_fill.txt,source_extracted,,https://docs.pytorch.org/docs/stable/generated/torch.index_fill.html,"Note: local torch exposes `torch.index_fill` without a runtime docstring, so this text was extracted from the bundled official tensor docs source.",357
torch.index_put,torch.index_put.txt,source_extracted,,https://docs.pytorch.org/docs/stable/generated/torch.index_put.html,"Note: local torch exposes `torch.index_put` without a runtime docstring, so this text was extracted from the bundled official tensor docs source.",360
torch.index_reduce,torch.index_reduce.txt,direct_docstring,,https://docs.pytorch.org/docs/stable/generated/torch.index_reduce.html,,334
torch.inner,torch.inner.txt,direct_docstring,,https://docs.pytorch.org/docs/stable/generated/torch.inner.html,,1905
torch.kron,torch.kron.txt,direct_docstring,,https://docs.pytorch.org/docs/stable/generated/torch.kron.html,,2141
torch.linalg.cholesky_ex,torch.linalg.cholesky_ex.txt,direct_docstring,,https://docs.pytorch.org/docs/stable/generated/torch.linalg.cholesky_ex.html,,2875
torch.linalg.cond,torch.linalg.cond.txt,direct_docstring,,https://docs.pytorch.org/docs/stable/generated/torch.linalg.cond.html,,4113
torch.linalg.cross,torch.linalg.cross.txt,direct_docstring,,https://docs.pytorch.org/docs/stable/generated/torch.linalg.cross.html,,1658
torch.linalg.diagonal,torch.linalg.diagonal.txt,direct_docstring,,https://docs.pytorch.org/docs/stable/generated/torch.linalg.diagonal.html,,273
torch.linalg.eigvals,torch.linalg.eigvals.txt,direct_docstring,,https://docs.pytorch.org/docs/stable/generated/torch.linalg.eigvals.html,,1847
torch.linalg.eigvalsh,torch.linalg.eigvalsh.txt,direct_docstring,,https://docs.pytorch.org/docs/stable/generated/torch.linalg.eigvalsh.html,,2680
torch.linalg.inv_ex,torch.linalg.inv_ex.txt,direct_docstring,,https://docs.pytorch.org/docs/stable/generated/torch.linalg.inv_ex.html,,1944
torch.linalg.ldl_factor,torch.linalg.ldl_factor.txt,direct_docstring,,https://docs.pytorch.org/docs/stable/generated/torch.linalg.ldl_factor.html,,2313
torch.linalg.ldl_factor_ex,torch.linalg.ldl_factor_ex.txt,direct_docstring,,https://docs.pytorch.org/docs/stable/generated/torch.linalg.ldl_factor_ex.html,,2389
torch.linalg.ldl_solve,torch.linalg.ldl_solve.txt,direct_docstring,,https://docs.pytorch.org/docs/stable/generated/torch.linalg.ldl_solve.html,,1838
torch.linalg.lu,torch.linalg.lu.txt,direct_docstring,,https://docs.pytorch.org/docs/stable/generated/torch.linalg.lu.html,,3264
torch.linalg.lu_factor_ex,torch.linalg.lu_factor_ex.txt,direct_docstring,,https://docs.pytorch.org/docs/stable/generated/torch.linalg.lu_factor_ex.html,,1437
torch.linalg.lu_solve,torch.linalg.lu_solve.txt,direct_docstring,,https://docs.pytorch.org/docs/stable/generated/torch.linalg.lu_solve.html,,3113
torch.linalg.lu_unpack,torch.linalg.lu_unpack.txt,compat_note,torch.lu_unpack,https://docs.pytorch.org/docs/stable/generated/torch.lu_unpack.html,"Compatibility note: `torch.linalg.lu_unpack` is not exposed in the local torch build used for generation. This file includes the nearest official related API doc for `torch.lu_unpack`, which unpacks the tensors returned by `torch.linalg.lu_factor`.",2155
torch.linalg.matrix_norm,torch.linalg.matrix_norm.txt,direct_docstring,,https://docs.pytorch.org/docs/stable/generated/torch.linalg.matrix_norm.html,,3030
torch.linalg.matrix_transpose,torch.linalg.matrix_transpose.txt,compat_note,torch.transpose,https://docs.pytorch.org/docs/stable/generated/torch.transpose.html,"Compatibility note: `torch.linalg.matrix_transpose` is not exposed in the local torch build used for generation. This file includes the nearest official related API doc for `torch.transpose`, which covers matrix-dimension transposition behavior relevant to shape/rank analysis.",2111
torch.linalg.solve_ex,torch.linalg.solve_ex.txt,direct_docstring,,https://docs.pytorch.org/docs/stable/generated/torch.linalg.solve_ex.html,,1485
torch.linalg.svdvals,torch.linalg.svdvals.txt,direct_docstring,,https://docs.pytorch.org/docs/stable/generated/torch.linalg.svdvals.html,,1472
torch.linalg.tensorsolve,torch.linalg.tensorsolve.txt,direct_docstring,,https://docs.pytorch.org/docs/stable/generated/torch.linalg.tensorsolve.html,,2263
torch.linalg.vander,torch.linalg.vander.txt,direct_docstring,,https://docs.pytorch.org/docs/stable/generated/torch.linalg.vander.html,,1597
torch.linalg.vecdot,torch.linalg.vecdot.txt,direct_docstring,,https://docs.pytorch.org/docs/stable/generated/torch.linalg.vecdot.html,,1081
torch.linalg.vector_norm,torch.linalg.vector_norm.txt,direct_docstring,,https://docs.pytorch.org/docs/stable/generated/torch.linalg.vector_norm.html,,3310
torch.masked_scatter,torch.masked_scatter.txt,source_extracted,,https://docs.pytorch.org/docs/stable/generated/torch.masked_scatter.html,"Note: local torch exposes `torch.masked_scatter` without a runtime docstring, so this text was extracted from the bundled official tensor docs source.",815
torch.meshgrid,torch.meshgrid.txt,direct_docstring,,https://docs.pytorch.org/docs/stable/generated/torch.meshgrid.html,,3246
torch.moveaxis,torch.moveaxis.txt,direct_docstring,,https://docs.pytorch.org/docs/stable/generated/torch.moveaxis.html,,892
torch.movedim,torch.movedim.txt,direct_docstring,,https://docs.pytorch.org/docs/stable/generated/torch.movedim.html,,1337
torch.narrow_copy,torch.narrow_copy.txt,direct_docstring,,https://docs.pytorch.org/docs/stable/generated/torch.narrow_copy.html,,1444
torch.nn.AdaptiveAvgPool1d,torch.nn.AdaptiveAvgPool1d.txt,direct_docstring,,https://docs.pytorch.org/docs/stable/generated/torch.nn.AdaptiveAvgPool1d.html,,740
torch.nn.AdaptiveAvgPool2d,torch.nn.AdaptiveAvgPool2d.txt,direct_docstring,,https://docs.pytorch.org/docs/stable/generated/torch.nn.AdaptiveAvgPool2d.html,,1294
torch.nn.AdaptiveAvgPool3d,torch.nn.AdaptiveAvgPool3d.txt,direct_docstring,,https://docs.pytorch.org/docs/stable/generated/torch.nn.AdaptiveAvgPool3d.html,,1350
torch.nn.ChannelShuffle,torch.nn.ChannelShuffle.txt,direct_docstring,,https://docs.pytorch.org/docs/stable/generated/torch.nn.ChannelShuffle.html,,1076
torch.nn.Dropout1d,torch.nn.Dropout1d.txt,direct_docstring,,https://docs.pytorch.org/docs/stable/generated/torch.nn.Dropout1d.html,,1459
torch.nn.Dropout2d,torch.nn.Dropout2d.txt,direct_docstring,,https://docs.pytorch.org/docs/stable/generated/torch.nn.Dropout2d.html,,1888
torch.nn.Dropout3d,torch.nn.Dropout3d.txt,direct_docstring,,https://docs.pytorch.org/docs/stable/generated/torch.nn.Dropout3d.html,,1489
torch.nn.Flatten,torch.nn.Flatten.txt,direct_docstring,,https://docs.pytorch.org/docs/stable/generated/torch.nn.Flatten.html,,961
torch.nn.Fold,torch.nn.Fold.txt,direct_docstring,,https://docs.pytorch.org/docs/stable/generated/torch.nn.Fold.html,,4932
torch.nn.LazyBatchNorm1d,torch.nn.LazyBatchNorm1d.txt,direct_docstring,,https://docs.pytorch.org/docs/stable/generated/torch.nn.LazyBatchNorm1d.html,,1405
torch.nn.LazyBatchNorm2d,torch.nn.LazyBatchNorm2d.txt,direct_docstring,,https://docs.pytorch.org/docs/stable/generated/torch.nn.LazyBatchNorm2d.html,,1408
torch.nn.LazyBatchNorm3d,torch.nn.LazyBatchNorm3d.txt,direct_docstring,,https://docs.pytorch.org/docs/stable/generated/torch.nn.LazyBatchNorm3d.html,,1408
torch.nn.LazyBilinear,torch.nn.LazyBilinear.txt,compat_note,torch.nn.Bilinear,https://docs.pytorch.org/docs/stable/generated/torch.nn.Bilinear.html,Compatibility note: `torch.nn.LazyBilinear` is not exposed in the local torch build used for generation. This file includes the nearest official related API doc for `torch.nn.Bilinear` so you still have a shape-oriented reference for the bilinear operator family.,2088
torch.nn.LazyConv1d,torch.nn.LazyConv1d.txt,direct_docstring,,https://docs.pytorch.org/docs/stable/generated/torch.nn.LazyConv1d.html,,1343
torch.nn.LazyConv2d,torch.nn.LazyConv2d.txt,direct_docstring,,https://docs.pytorch.org/docs/stable/generated/torch.nn.LazyConv2d.html,,1348
torch.nn.LazyConv3d,torch.nn.LazyConv3d.txt,direct_docstring,,https://docs.pytorch.org/docs/stable/generated/torch.nn.LazyConv3d.html,,1348
torch.nn.LazyConvTranspose1d,torch.nn.LazyConvTranspose1d.txt,direct_docstring,,https://docs.pytorch.org/docs/stable/generated/torch.nn.LazyConvTranspose1d.html,,1413
torch.nn.LazyConvTranspose2d,torch.nn.LazyConvTranspose2d.txt,direct_docstring,,https://docs.pytorch.org/docs/stable/generated/torch.nn.LazyConvTranspose2d.html,,1444
torch.nn.LazyConvTranspose3d,torch.nn.LazyConvTranspose3d.txt,direct_docstring,,https://docs.pytorch.org/docs/stable/generated/torch.nn.LazyConvTranspose3d.html,,1444
torch.nn.LazyInstanceNorm1d,torch.nn.LazyInstanceNorm1d.txt,direct_docstring,,https://docs.pytorch.org/docs/stable/generated/torch.nn.LazyInstanceNorm1d.html,,1465
torch.nn.LazyInstanceNorm2d,torch.nn.LazyInstanceNorm2d.txt,direct_docstring,,https://docs.pytorch.org/docs/stable/generated/torch.nn.LazyInstanceNorm2d.html,,1483
torch.nn.LazyInstanceNorm3d,torch.nn.LazyInstanceNorm3d.txt,direct_docstring,,https://docs.pytorch.org/docs/stable/generated/torch.nn.LazyInstanceNorm3d.html,,1501
torch.nn.LazyLinear,torch.nn.LazyLinear.txt,direct_docstring,,https://docs.pytorch.org/docs/stable/generated/torch.nn.LazyLinear.html,,1329
torch.nn.PixelShuffle,torch.nn.PixelShuffle.txt,direct_docstring,,https://docs.pytorch.org/docs/stable/generated/torch.nn.PixelShuffle.html,,1376
torch.nn.PixelUnshuffle,torch.nn.PixelUnshuffle.txt,direct_docstring,,https://docs.pytorch.org/docs/stable/generated/torch.nn.PixelUnshuffle.html,,1328
torch.nn.Unflatten,torch.nn.Unflatten.txt,direct_docstring,,https://docs.pytorch.org/docs/stable/generated/torch.nn.Unflatten.html,,1877
torch.nn.Unfold,torch.nn.Unfold.txt,direct_docstring,,https://docs.pytorch.org/docs/stable/generated/torch.nn.Unfold.html,,5196
torch.nn.functional.adaptive_avg_pool1d,torch.nn.functional.adaptive_avg_pool1d.txt,direct_docstring,,https://docs.pytorch.org/docs/stable/generated/torch.nn.functional.adaptive_avg_pool1d.html,,437
torch.nn.functional.adaptive_avg_pool2d,torch.nn.functional.adaptive_avg_pool2d.txt,direct_docstring,,https://docs.pytorch.org/docs/stable/generated/torch.nn.functional.adaptive_avg_pool2d.html,,416
torch.nn.functional.adaptive_avg_pool3d,torch.nn.functional.adaptive_avg_pool3d.txt,direct_docstring,,https://docs.pytorch.org/docs/stable/generated/torch.nn.functional.adaptive_avg_pool3d.html,,416
torch.nn.functional.batch_norm,torch.nn.functional.batch_norm.txt,direct_docstring,,https://docs.pytorch.org/docs/stable/generated/torch.nn.functional.batch_norm.html,,319
torch.nn.functional.bilinear,torch.nn.functional.bilinear.txt,direct_docstring,,https://docs.pytorch.org/docs/stable/generated/torch.nn.functional.bilinear.html,,864
torch.nn.functional.celu,torch.nn.functional.celu.txt,direct_docstring,,https://docs.pytorch.org/docs/stable/generated/torch.nn.functional.celu.html,,321
torch.nn.functional.channel_shuffle,torch.nn.functional.channel_shuffle.txt,direct_docstring,,https://docs.pytorch.org/docs/stable/generated/torch.nn.functional.channel_shuffle.html,,969
torch.nn.functional.cosine_embedding_loss,torch.nn.functional.cosine_embedding_loss.txt,direct_docstring,,https://docs.pytorch.org/docs/stable/generated/torch.nn.functional.cosine_embedding_loss.html,,962
torch.nn.functional.dropout1d,torch.nn.functional.dropout1d.txt,direct_docstring,,https://docs.pytorch.org/docs/stable/generated/torch.nn.functional.dropout1d.html,,754
torch.nn.functional.elu,torch.nn.functional.elu.txt,direct_docstring,,https://docs.pytorch.org/docs/stable/generated/torch.nn.functional.elu.html,,234
torch.nn.functional.embedding_bag,torch.nn.functional.embedding_bag.txt,direct_docstring,,https://docs.pytorch.org/docs/stable/generated/torch.nn.functional.embedding_bag.html,,5142
torch.nn.functional.fold,torch.nn.functional.fold.txt,direct_docstring,,https://docs.pytorch.org/docs/stable/generated/torch.nn.functional.fold.html,,346
torch.nn.functional.gaussian_nll_loss,torch.nn.functional.gaussian_nll_loss.txt,direct_docstring,,https://docs.pytorch.org/docs/stable/generated/torch.nn.functional.gaussian_nll_loss.html,,1107
torch.nn.functional.gelu,torch.nn.functional.gelu.txt,direct_docstring,,https://docs.pytorch.org/docs/stable/generated/torch.nn.functional.gelu.html,,621
torch.nn.functional.group_norm,torch.nn.functional.group_norm.txt,direct_docstring,,https://docs.pytorch.org/docs/stable/generated/torch.nn.functional.group_norm.html,,251
torch.nn.functional.hardshrink,torch.nn.functional.hardshrink.txt,direct_docstring,,https://docs.pytorch.org/docs/stable/generated/torch.nn.functional.hardshrink.html,,281
torch.nn.functional.hardsigmoid,torch.nn.functional.hardsigmoid.txt,direct_docstring,,https://docs.pytorch.org/docs/stable/generated/torch.nn.functional.hardsigmoid.html,,514
torch.nn.functional.hardtanh,torch.nn.functional.hardtanh.txt,direct_docstring,,https://docs.pytorch.org/docs/stable/generated/torch.nn.functional.hardtanh.html,,296
torch.nn.functional.hinge_embedding_loss,torch.nn.functional.hinge_embedding_loss.txt,direct_docstring,,https://docs.pytorch.org/docs/stable/generated/torch.nn.functional.hinge_embedding_loss.html,,912
torch.nn.functional.instance_norm,torch.nn.functional.instance_norm.txt,direct_docstring,,https://docs.pytorch.org/docs/stable/generated/torch.nn.functional.instance_norm.html,,364
torch.nn.functional.l1_loss,torch.nn.functional.l1_loss.txt,direct_docstring,,https://docs.pytorch.org/docs/stable/generated/torch.nn.functional.l1_loss.html,,967
torch.nn.functional.layer_norm,torch.nn.functional.layer_norm.txt,direct_docstring,,https://docs.pytorch.org/docs/stable/generated/torch.nn.functional.layer_norm.html,,251
torch.nn.functional.linear,torch.nn.functional.linear.txt,direct_docstring,,https://docs.pytorch.org/docs/stable/generated/torch.nn.functional.linear.html,,963
torch.nn.functional.local_response_norm,torch.nn.functional.local_response_norm.txt,direct_docstring,,https://docs.pytorch.org/docs/stable/generated/torch.nn.functional.local_response_norm.html,,410
torch.nn.functional.logsigmoid,torch.nn.functional.logsigmoid.txt,direct_docstring,,https://docs.pytorch.org/docs/stable/generated/torch.nn.functional.logsigmoid.html,,318
torch.nn.functional.lp_pool1d,torch.nn.functional.lp_pool1d.txt,direct_docstring,,https://docs.pytorch.org/docs/stable/generated/torch.nn.functional.lp_pool1d.html,,555
torch.nn.functional.lp_pool2d,torch.nn.functional.lp_pool2d.txt,direct_docstring,,https://docs.pytorch.org/docs/stable/generated/torch.nn.functional.lp_pool2d.html,,555
torch.nn.functional.lp_pool3d,torch.nn.functional.lp_pool3d.txt,direct_docstring,,https://docs.pytorch.org/docs/stable/generated/torch.nn.functional.lp_pool3d.html,,555
torch.nn.functional.margin_ranking_loss,torch.nn.functional.margin_ranking_loss.txt,direct_docstring,,https://docs.pytorch.org/docs/stable/generated/torch.nn.functional.margin_ranking_loss.html,,878
torch.nn.functional.max_pool1d,torch.nn.functional.max_pool1d.txt,direct_docstring,,https://docs.pytorch.org/docs/stable/generated/torch.nn.functional.max_pool1d.html,,1421
torch.nn.functional.max_pool2d,torch.nn.functional.max_pool2d.txt,direct_docstring,,https://docs.pytorch.org/docs/stable/generated/torch.nn.functional.max_pool2d.html,,1434
torch.nn.functional.max_pool3d,torch.nn.functional.max_pool3d.txt,direct_docstring,,https://docs.pytorch.org/docs/stable/generated/torch.nn.functional.max_pool3d.html,,1459
torch.nn.functional.max_unpool1d,torch.nn.functional.max_unpool1d.txt,direct_docstring,,https://docs.pytorch.org/docs/stable/generated/torch.nn.functional.max_unpool1d.html,,241
torch.nn.functional.max_unpool2d,torch.nn.functional.max_unpool2d.txt,direct_docstring,,https://docs.pytorch.org/docs/stable/generated/torch.nn.functional.max_unpool2d.html,,241
torch.nn.functional.max_unpool3d,torch.nn.functional.max_unpool3d.txt,direct_docstring,,https://docs.pytorch.org/docs/stable/generated/torch.nn.functional.max_unpool3d.html,,241
torch.nn.functional.mish,torch.nn.functional.mish.txt,direct_docstring,,https://docs.pytorch.org/docs/stable/generated/torch.nn.functional.mish.html,,472
torch.nn.functional.mse_loss,torch.nn.functional.mse_loss.txt,direct_docstring,,https://docs.pytorch.org/docs/stable/generated/torch.nn.functional.mse_loss.html,,940
torch.nn.functional.multi_margin_loss,torch.nn.functional.multi_margin_loss.txt,direct_docstring,,https://docs.pytorch.org/docs/stable/generated/torch.nn.functional.multi_margin_loss.html,,1117
torch.nn.functional.multilabel_margin_loss,torch.nn.functional.multilabel_margin_loss.txt,direct_docstring,,https://docs.pytorch.org/docs/stable/generated/torch.nn.functional.multilabel_margin_loss.html,,843
torch.nn.functional.multilabel_soft_margin_loss,torch.nn.functional.multilabel_soft_margin_loss.txt,direct_docstring,,https://docs.pytorch.org/docs/stable/generated/torch.nn.functional.multilabel_soft_margin_loss.html,,867
torch.nn.functional.pairwise_distance,torch.nn.functional.pairwise_distance.txt,direct_docstring,,https://docs.pytorch.org/docs/stable/generated/torch.nn.functional.pairwise_distance.html,,273
torch.nn.functional.pixel_shuffle,torch.nn.functional.pixel_shuffle.txt,direct_docstring,,https://docs.pytorch.org/docs/stable/generated/torch.nn.functional.pixel_shuffle.html,,701
torch.nn.functional.pixel_unshuffle,torch.nn.functional.pixel_unshuffle.txt,direct_docstring,,https://docs.pytorch.org/docs/stable/generated/torch.nn.functional.pixel_unshuffle.html,,776
torch.nn.functional.prelu,torch.nn.functional.prelu.txt,direct_docstring,,https://docs.pytorch.org/docs/stable/generated/torch.nn.functional.prelu.html,,770
torch.nn.functional.relu6,torch.nn.functional.relu6.txt,direct_docstring,,https://docs.pytorch.org/docs/stable/generated/torch.nn.functional.relu6.html,,296
torch.nn.functional.rms_norm,torch.nn.functional.rms_norm.txt,direct_docstring,,https://docs.pytorch.org/docs/stable/generated/torch.nn.functional.rms_norm.html,,224
torch.nn.functional.rrelu,torch.nn.functional.rrelu.txt,direct_docstring,,https://docs.pytorch.org/docs/stable/generated/torch.nn.functional.rrelu.html,,279
torch.nn.functional.scaled_dot_product_attention,torch.nn.functional.scaled_dot_product_attention.txt,direct_docstring,,https://docs.pytorch.org/docs/stable/generated/torch.nn.functional.scaled_dot_product_attention.html,,8389
torch.nn.functional.selu,torch.nn.functional.selu.txt,direct_docstring,,https://docs.pytorch.org/docs/stable/generated/torch.nn.functional.selu.html,,421
torch.nn.functional.silu,torch.nn.functional.silu.txt,direct_docstring,,https://docs.pytorch.org/docs/stable/generated/torch.nn.functional.silu.html,,840
torch.nn.functional.softplus,torch.nn.functional.softplus.txt,direct_docstring,,https://docs.pytorch.org/docs/stable/generated/torch.nn.functional.softplus.html,,464
torch.nn.functional.softshrink,torch.nn.functional.softshrink.txt,direct_docstring,,https://docs.pytorch.org/docs/stable/generated/torch.nn.functional.softshrink.html,,280
torch.nn.functional.softsign,torch.nn.functional.softsign.txt,direct_docstring,,https://docs.pytorch.org/docs/stable/generated/torch.nn.functional.softsign.html,,295
torch.nn.functional.tanhshrink,torch.nn.functional.tanhshrink.txt,direct_docstring,,https://docs.pytorch.org/docs/stable/generated/torch.nn.functional.tanhshrink.html,,293
torch.nn.functional.threshold,torch.nn.functional.threshold.txt,direct_docstring,,https://docs.pytorch.org/docs/stable/generated/torch.nn.functional.threshold.html,,244
torch.nn.functional.unfold,torch.nn.functional.unfold.txt,direct_docstring,,https://docs.pytorch.org/docs/stable/generated/torch.nn.functional.unfold.html,,610
torch.permute,torch.permute.txt,direct_docstring,,https://docs.pytorch.org/docs/stable/generated/torch.permute.html,,479
torch.ravel,torch.ravel.txt,direct_docstring,,https://docs.pytorch.org/docs/stable/generated/torch.ravel.html,,454
torch.roll,torch.roll.txt,direct_docstring,,https://docs.pytorch.org/docs/stable/generated/torch.roll.html,,1380
torch.rot90,torch.rot90.txt,direct_docstring,,https://docs.pytorch.org/docs/stable/generated/torch.rot90.html,,947
torch.row_stack,torch.row_stack.txt,direct_docstring,,https://docs.pytorch.org/docs/stable/generated/torch.row_stack.html,,183
torch.scatter,torch.scatter.txt,direct_docstring,,https://docs.pytorch.org/docs/stable/generated/torch.scatter.html,,202
torch.scatter_add,torch.scatter_add.txt,direct_docstring,,https://docs.pytorch.org/docs/stable/generated/torch.scatter_add.html,,218
torch.scatter_reduce,torch.scatter_reduce.txt,direct_docstring,,https://docs.pytorch.org/docs/stable/generated/torch.scatter_reduce.html,,260
torch.segment_reduce,torch.segment_reduce.txt,direct_docstring,,https://docs.pytorch.org/docs/stable/generated/torch.segment_reduce.html,,1397
torch.select,torch.select.txt,direct_docstring,,https://docs.pytorch.org/docs/stable/generated/torch.select.html,,882
torch.select_scatter,torch.select_scatter.txt,direct_docstring,,https://docs.pytorch.org/docs/stable/generated/torch.select_scatter.html,,866
torch.slice_scatter,torch.slice_scatter.txt,direct_docstring,,https://docs.pytorch.org/docs/stable/generated/torch.slice_scatter.html,,1634
torch.squeeze,torch.squeeze.txt,direct_docstring,,https://docs.pytorch.org/docs/stable/generated/torch.squeeze.html,,1768
torch.swapaxes,torch.swapaxes.txt,direct_docstring,,https://docs.pytorch.org/docs/stable/generated/torch.swapaxes.html,,643
torch.swapdims,torch.swapdims.txt,direct_docstring,,https://docs.pytorch.org/docs/stable/generated/torch.swapdims.html,,641
torch.t,torch.t.txt,direct_docstring,,https://docs.pytorch.org/docs/stable/generated/torch.t.html,,870
torch.take,torch.take.txt,direct_docstring,,https://docs.pytorch.org/docs/stable/generated/torch.take.html,,579
torch.take_along_dim,torch.take_along_dim.txt,direct_docstring,,https://docs.pytorch.org/docs/stable/generated/torch.take_along_dim.html,,1215
torch.tensor_split,torch.tensor_split.txt,direct_docstring,,https://docs.pytorch.org/docs/stable/generated/torch.tensor_split.html,,2612
torch.unflatten,torch.unflatten.txt,direct_docstring,,https://docs.pytorch.org/docs/stable/generated/torch.unflatten.html,,1107
torch.unravel_index,torch.unravel_index.txt,direct_docstring,,https://docs.pytorch.org/docs/stable/generated/torch.unravel_index.html,,1683
torch.unsqueeze,torch.unsqueeze.txt,direct_docstring,,https://docs.pytorch.org/docs/stable/generated/torch.unsqueeze.html,,828
torch.vander,torch.vander.txt,direct_docstring,,https://docs.pytorch.org/docs/stable/generated/torch.vander.html,,1570
torch.view_as_complex,torch.view_as_complex.txt,direct_docstring,,https://docs.pytorch.org/docs/stable/generated/torch.view_as_complex.html,,1191
torch.view_as_real,torch.view_as_real.txt,direct_docstring,,https://docs.pytorch.org/docs/stable/generated/torch.view_as_real.html,,897
torch.vsplit,torch.vsplit.txt,direct_docstring,,https://docs.pytorch.org/docs/stable/generated/torch.vsplit.html,,1352
torch.vstack,torch.vstack.txt,direct_docstring,,https://docs.pytorch.org/docs/stable/generated/torch.vstack.html,,829
